{"_timestamp":1.7738151719855235e+09,"train Loss":1.265682093862077,"val Acc":0.541532039642334,"_runtime":274,"_wandb":{"runtime":274},"val Loss":1.5374169139301075,"_step":1,"train Acc":0.6149202432360976}